cve_id,product_category,product_name,severity,cvss_score,published_date,patch_available,exploitation_status_demo,asset_criticality,exposure,business_context,priority_score,priority_band,description
CVE-2026-900001,HR Management Software,PeopleOps HRMS,CRITICAL,9.8,2026-07-06,True,No known exploitation (synthetic),2,Isolated lab,Non-production / test,52,MEDIUM,"[SYNTHETIC / DEMO ONLY] Teaching example A: CRITICAL CVSS 9.8, but the affected HR tool runs only on an isolated lab asset with no exploitation evidence - contextual priority is lower than raw CVSS suggests."
CVE-2026-900002,VPN Gateway,SecureLink VPN Gateway,HIGH,8.1,2026-09-04,True,Active exploitation observed (synthetic),5,Internet-facing,Mission-critical production,93,CRITICAL,"[SYNTHETIC / DEMO ONLY] Teaching example B: HIGH CVSS 8.1 on an internet-facing, mission-critical VPN gateway with active exploitation evidence - contextual priority exceeds the higher-CVSS lab issue."
CVE-2024-900003,E-commerce Platform,ShopStream Commerce,MEDIUM,6.8,2026-07-29,False,Proof-of-concept reported (synthetic),1,Internet-facing,Business-important production,66,MEDIUM,[SYNTHETIC / DEMO ONLY] Synthetic vulnerability record for defensive awareness: Race condition in password reset workflow affecting ShopStream Commerce. No exploitation instructions included.
CVE-2024-900004,OS Kernel,CoreBase Operating System,CRITICAL,9.5,2026-03-30,True,Proof-of-concept reported (synthetic),5,VPN-only,Non-production / test,81,HIGH,[SYNTHETIC / DEMO ONLY] Synthetic vulnerability record for defensive awareness: Weak default cryptography in token generation affecting CoreBase Operating System. No exploitation instructions included.
CVE-2024-900005,Network Appliance,NetFlow Router OS,HIGH,8.3,2026-08-04,False,Proof-of-concept reported (synthetic),2,Internal network,Business-important production,68,MEDIUM,[SYNTHETIC / DEMO ONLY] Synthetic vulnerability record for defensive awareness: Race condition in password reset workflow affecting NetFlow Router OS. No exploitation instructions included.
CVE-2024-900006,Identity Management Platform,Identra IAM,HIGH,7.6,2025-09-28,True,Proof-of-concept reported (synthetic),5,VPN-only,Standard internal service,77,HIGH,[SYNTHETIC / DEMO ONLY] Synthetic vulnerability record for defensive awareness: Reflected cross-site scripting in error page affecting Identra IAM. No exploitation instructions included.
CVE-2024-900007,Network Appliance,NetFlow Router OS,MEDIUM,5.5,2025-12-08,True,Active exploitation observed (synthetic),3,Internet-facing,Non-production / test,69,MEDIUM,[SYNTHETIC / DEMO ONLY] Synthetic vulnerability record for defensive awareness: Improper certificate validation in update channel affecting NetFlow Router OS. No exploitation instructions included.
CVE-2024-900008,Cloud Storage CLI,CloudBucket CLI,MEDIUM,6.4,2026-08-05,True,No known exploitation (synthetic),3,Internet-facing,Standard internal service,63,MEDIUM,[SYNTHETIC / DEMO ONLY] Synthetic vulnerability record for defensive awareness: Path traversal in file upload handler affecting CloudBucket CLI. No exploitation instructions included.
CVE-2024-900009,Backup Software,SafeVault Backup,MEDIUM,4.2,2026-07-01,True,Proof-of-concept reported (synthetic),1,Internet-facing,Standard internal service,55,MEDIUM,[SYNTHETIC / DEMO ONLY] Synthetic vulnerability record for defensive awareness: Privilege escalation via improper authorization check affecting SafeVault Backup. No exploitation instructions included.
CVE-2024-900010,E-commerce Platform,ShopStream Commerce,MEDIUM,5.4,2025-08-17,True,Active exploitation observed (synthetic),1,Internet-facing,Mission-critical production,68,MEDIUM,[SYNTHETIC / DEMO ONLY] Synthetic vulnerability record for defensive awareness: Race condition in password reset workflow affecting ShopStream Commerce. No exploitation instructions included.
CVE-2024-900011,Printer Firmware,PrintMax Firmware,HIGH,7.1,2025-01-15,False,Proof-of-concept reported (synthetic),5,Internet-facing,Standard internal service,81,HIGH,[SYNTHETIC / DEMO ONLY] Synthetic vulnerability record for defensive awareness: SQL injection in administrative search endpoint affecting PrintMax Firmware. No exploitation instructions included.
CVE-2024-900012,Remote Monitoring Tool,WatchTower RMM,HIGH,8.0,2025-01-12,True,No known exploitation (synthetic),3,DMZ,Standard internal service,65,MEDIUM,[SYNTHETIC / DEMO ONLY] Synthetic vulnerability record for defensive awareness: Use-after-free in media parsing component affecting WatchTower RMM. No exploitation instructions included.
CVE-2024-900013,API Gateway,GateKeep API Gateway,MEDIUM,4.3,2025-12-20,False,No known exploitation (synthetic),1,VPN-only,Business-important production,44,MEDIUM,[SYNTHETIC / DEMO ONLY] Synthetic vulnerability record for defensive awareness: Server-side request forgery in webhook feature affecting GateKeep API Gateway. No exploitation instructions included.
CVE-2024-900014,Virtualization Platform,VirtSphere Hypervisor,HIGH,8.4,2025-08-08,True,No known exploitation (synthetic),2,VPN-only,Business-important production,62,MEDIUM,[SYNTHETIC / DEMO ONLY] Synthetic vulnerability record for defensive awareness: SQL injection in administrative search endpoint affecting VirtSphere Hypervisor. No exploitation instructions included.
CVE-2024-900015,Email Gateway,MailGuard Email Gateway,MEDIUM,6.5,2025-04-10,True,No known exploitation (synthetic),1,Internet-facing,Business-important production,58,MEDIUM,[SYNTHETIC / DEMO ONLY] Synthetic vulnerability record for defensive awareness: Path traversal in file upload handler affecting MailGuard Email Gateway. No exploitation instructions included.
CVE-2024-900016,OS Kernel,CoreBase Operating System,LOW,3.2,2025-02-25,False,Active exploitation observed (synthetic),4,Internet-facing,Business-important production,70,HIGH,[SYNTHETIC / DEMO ONLY] Synthetic vulnerability record for defensive awareness: Information disclosure in debug logging mode affecting CoreBase Operating System. No exploitation instructions included.
CVE-2024-900017,Cloud Storage CLI,CloudBucket CLI,MEDIUM,4.7,2026-03-10,True,No known exploitation (synthetic),5,Internal network,Standard internal service,57,MEDIUM,[SYNTHETIC / DEMO ONLY] Synthetic vulnerability record for defensive awareness: Insecure deserialization of configuration data affecting CloudBucket CLI. No exploitation instructions included.
CVE-2024-900018,CMS Platform,PageForge CMS,MEDIUM,6.2,2025-02-06,True,No known exploitation (synthetic),4,VPN-only,Business-important production,63,MEDIUM,[SYNTHETIC / DEMO ONLY] Synthetic vulnerability record for defensive awareness: Heap-based buffer overflow in image decoder affecting PageForge CMS. No exploitation instructions included.
CVE-2024-900019,Database Server,DataCore RDBMS,CRITICAL,9.2,2026-04-02,True,No known exploitation (synthetic),1,Internet-facing,Mission-critical production,69,MEDIUM,[SYNTHETIC / DEMO ONLY] Synthetic vulnerability record for defensive awareness: XML external entity injection in import function affecting DataCore RDBMS. No exploitation instructions included.
CVE-2024-900020,Printer Firmware,PrintMax Firmware,MEDIUM,6.8,2025-04-20,False,No known exploitation (synthetic),5,VPN-only,Business-important production,69,MEDIUM,[SYNTHETIC / DEMO ONLY] Synthetic vulnerability record for defensive awareness: Information disclosure in debug logging mode affecting PrintMax Firmware. No exploitation instructions included.
CVE-2024-900021,IoT Camera Firmware,SecureCam Firmware,LOW,3.5,2026-07-14,True,Proof-of-concept reported (synthetic),4,Internal network,Non-production / test,54,MEDIUM,[SYNTHETIC / DEMO ONLY] Synthetic vulnerability record for defensive awareness: Improper authentication in session validation affecting SecureCam Firmware. No exploitation instructions included.
CVE-2024-900022,Identity Management Platform,Identra IAM,LOW,3.5,2026-05-01,True,No known exploitation (synthetic),3,DMZ,Business-important production,51,MEDIUM,[SYNTHETIC / DEMO ONLY] Synthetic vulnerability record for defensive awareness: Server-side request forgery in webhook feature affecting Identra IAM. No exploitation instructions included.
CVE-2024-900023,HR Management Software,PeopleOps HRMS,MEDIUM,4.0,2026-04-18,False,No known exploitation (synthetic),5,Internal network,Standard internal service,55,MEDIUM,[SYNTHETIC / DEMO ONLY] Synthetic vulnerability record for defensive awareness: Privilege escalation via improper authorization check affecting PeopleOps HRMS. No exploitation instructions included.
CVE-2024-900024,OS Kernel,CoreBase Operating System,LOW,3.9,2025-07-08,True,Proof-of-concept reported (synthetic),2,Internal network,Business-important production,52,MEDIUM,[SYNTHETIC / DEMO ONLY] Synthetic vulnerability record for defensive awareness: Race condition in password reset workflow affecting CoreBase Operating System. No exploitation instructions included.
CVE-2024-900025,CMS Platform,PageForge CMS,MEDIUM,5.3,2026-02-08,True,Proof-of-concept reported (synthetic),2,Internal network,Mission-critical production,59,MEDIUM,[SYNTHETIC / DEMO ONLY] Synthetic vulnerability record for defensive awareness: Use-after-free in media parsing component affecting PageForge CMS. No exploitation instructions included.
CVE-2024-900026,Virtualization Platform,VirtSphere Hypervisor,HIGH,7.3,2026-08-24,True,No known exploitation (synthetic),5,Internet-facing,Mission-critical production,79,HIGH,[SYNTHETIC / DEMO ONLY] Synthetic vulnerability record for defensive awareness: Information disclosure in debug logging mode affecting VirtSphere Hypervisor. No exploitation instructions included.
CVE-2024-900027,Remote Monitoring Tool,WatchTower RMM,MEDIUM,5.3,2025-03-27,False,No known exploitation (synthetic),4,Isolated lab,Business-important production,50,MEDIUM,[SYNTHETIC / DEMO ONLY] Synthetic vulnerability record for defensive awareness: XML external entity injection in import function affecting WatchTower RMM. No exploitation instructions included.
CVE-2024-900028,CMS Platform,PageForge CMS,HIGH,7.3,2025-07-24,True,No known exploitation (synthetic),2,Internal network,Business-important production,57,MEDIUM,[SYNTHETIC / DEMO ONLY] Synthetic vulnerability record for defensive awareness: Server-side request forgery in webhook feature affecting PageForge CMS. No exploitation instructions included.
CVE-2024-900029,CMS Platform,PageForge CMS,MEDIUM,6.9,2026-06-01,True,Proof-of-concept reported (synthetic),1,Isolated lab,Standard internal service,49,MEDIUM,[SYNTHETIC / DEMO ONLY] Synthetic vulnerability record for defensive awareness: Server-side request forgery in webhook feature affecting PageForge CMS. No exploitation instructions included.
CVE-2024-900030,Remote Monitoring Tool,WatchTower RMM,HIGH,8.3,2025-05-03,True,Proof-of-concept reported (synthetic),5,Internal network,Business-important production,80,HIGH,[SYNTHETIC / DEMO ONLY] Synthetic vulnerability record for defensive awareness: Privilege escalation via improper authorization check affecting WatchTower RMM. No exploitation instructions included.
CVE-2025-900001,Virtualization Platform,VirtSphere Hypervisor,CRITICAL,9.9,2026-01-13,True,No known exploitation (synthetic),2,Internet-facing,Mission-critical production,76,HIGH,[SYNTHETIC / DEMO ONLY] Synthetic vulnerability record for defensive awareness: Insecure deserialization of configuration data affecting VirtSphere Hypervisor. No exploitation instructions included.
CVE-2025-900002,Web Browser,Nova Browser,MEDIUM,6.5,2026-03-06,True,No known exploitation (synthetic),5,Internal network,Mission-critical production,68,MEDIUM,[SYNTHETIC / DEMO ONLY] Synthetic vulnerability record for defensive awareness: Improper certificate validation in update channel affecting Nova Browser. No exploitation instructions included.
CVE-2025-900003,Web Server,HyperServe Web Server,HIGH,7.3,2025-01-28,True,No known exploitation (synthetic),2,Isolated lab,Mission-critical production,51,MEDIUM,[SYNTHETIC / DEMO ONLY] Synthetic vulnerability record for defensive awareness: Heap-based buffer overflow in image decoder affecting HyperServe Web Server. No exploitation instructions included.
CVE-2025-900004,CMS Platform,PageForge CMS,MEDIUM,6.8,2025-03-21,True,No known exploitation (synthetic),1,DMZ,Standard internal service,53,MEDIUM,[SYNTHETIC / DEMO ONLY] Synthetic vulnerability record for defensive awareness: Command injection in diagnostic endpoint affecting PageForge CMS. No exploitation instructions included.
CVE-2025-900005,Backup Software,SafeVault Backup,MEDIUM,4.0,2025-02-13,True,No known exploitation (synthetic),4,Isolated lab,Standard internal service,43,MEDIUM,[SYNTHETIC / DEMO ONLY] Synthetic vulnerability record for defensive awareness: Weak default cryptography in token generation affecting SafeVault Backup. No exploitation instructions included.
CVE-2025-900006,API Gateway,GateKeep API Gateway,LOW,3.6,2026-07-12,True,Active exploitation observed (synthetic),2,VPN-only,Standard internal service,56,MEDIUM,[SYNTHETIC / DEMO ONLY] Synthetic vulnerability record for defensive awareness: Weak default cryptography in token generation affecting GateKeep API Gateway. No exploitation instructions included.
CVE-2025-900007,Network Appliance,NetFlow Router OS,CRITICAL,9.2,2026-07-30,True,Proof-of-concept reported (synthetic),5,Isolated lab,Business-important production,75,HIGH,[SYNTHETIC / DEMO ONLY] Synthetic vulnerability record for defensive awareness: Heap-based buffer overflow in image decoder affecting NetFlow Router OS. No exploitation instructions included.
CVE-2025-900008,HR Management Software,PeopleOps HRMS,HIGH,7.0,2026-08-31,False,No known exploitation (synthetic),2,Internal network,Business-important production,56,MEDIUM,[SYNTHETIC / DEMO ONLY] Synthetic vulnerability record for defensive awareness: Use-after-free in media parsing component affecting PeopleOps HRMS. No exploitation instructions included.
CVE-2025-900009,HR Management Software,PeopleOps HRMS,HIGH,8.6,2026-06-29,False,Active exploitation observed (synthetic),5,Internet-facing,Business-important production,93,CRITICAL,[SYNTHETIC / DEMO ONLY] Synthetic vulnerability record for defensive awareness: Weak default cryptography in token generation affecting PeopleOps HRMS. No exploitation instructions included.
CVE-2025-900010,VPN Gateway,SecureLink VPN Gateway,MEDIUM,6.5,2025-04-09,False,Active exploitation observed (synthetic),4,Internet-facing,Standard internal service,80,HIGH,[SYNTHETIC / DEMO ONLY] Synthetic vulnerability record for defensive awareness: Improper authentication in session validation affecting SecureLink VPN Gateway. No exploitation instructions included.
CVE-2025-900011,Identity Management Platform,Identra IAM,MEDIUM,4.8,2024-12-16,True,No known exploitation (synthetic),3,Internet-facing,Mission-critical production,62,MEDIUM,[SYNTHETIC / DEMO ONLY] Synthetic vulnerability record for defensive awareness: Command injection in diagnostic endpoint affecting Identra IAM. No exploitation instructions included.
CVE-2025-900012,Printer Firmware,PrintMax Firmware,CRITICAL,9.6,2025-04-22,True,No known exploitation (synthetic),1,Internal network,Standard internal service,59,MEDIUM,[SYNTHETIC / DEMO ONLY] Synthetic vulnerability record for defensive awareness: Path traversal in file upload handler affecting PrintMax Firmware. No exploitation instructions included.
CVE-2025-900013,Web Server,HyperServe Web Server,MEDIUM,4.2,2024-12-16,True,No known exploitation (synthetic),5,Internet-facing,Standard internal service,64,MEDIUM,[SYNTHETIC / DEMO ONLY] Synthetic vulnerability record for defensive awareness: Path traversal in file upload handler affecting HyperServe Web Server. No exploitation instructions included.
CVE-2025-900014,Printer Firmware,PrintMax Firmware,HIGH,7.4,2026-04-29,True,No known exploitation (synthetic),4,DMZ,Non-production / test,64,MEDIUM,[SYNTHETIC / DEMO ONLY] Synthetic vulnerability record for defensive awareness: Privilege escalation via improper authorization check affecting PrintMax Firmware. No exploitation instructions included.
CVE-2025-900015,HR Management Software,PeopleOps HRMS,MEDIUM,4.7,2026-01-21,True,No known exploitation (synthetic),4,Internet-facing,Standard internal service,61,MEDIUM,[SYNTHETIC / DEMO ONLY] Synthetic vulnerability record for defensive awareness: Server-side request forgery in webhook feature affecting PeopleOps HRMS. No exploitation instructions included.
CVE-2025-900016,HR Management Software,PeopleOps HRMS,MEDIUM,6.7,2026-04-23,True,No known exploitation (synthetic),3,Internet-facing,Mission-critical production,68,MEDIUM,[SYNTHETIC / DEMO ONLY] Synthetic vulnerability record for defensive awareness: Improper authentication in session validation affecting PeopleOps HRMS. No exploitation instructions included.
CVE-2025-900017,VPN Gateway,SecureLink VPN Gateway,MEDIUM,5.6,2025-06-12,True,No known exploitation (synthetic),4,Internet-facing,Business-important production,67,MEDIUM,[SYNTHETIC / DEMO ONLY] Synthetic vulnerability record for defensive awareness: Weak default cryptography in token generation affecting SecureLink VPN Gateway. No exploitation instructions included.
CVE-2025-900018,Web Browser,Nova Browser,MEDIUM,4.4,2025-03-15,False,No known exploitation (synthetic),4,Internet-facing,Mission-critical production,64,MEDIUM,[SYNTHETIC / DEMO ONLY] Synthetic vulnerability record for defensive awareness: Hard-coded credentials in management interface affecting Nova Browser. No exploitation instructions included.
CVE-2025-900019,CMS Platform,PageForge CMS,HIGH,8.0,2024-11-30,True,No known exploitation (synthetic),5,DMZ,Business-important production,75,HIGH,[SYNTHETIC / DEMO ONLY] Synthetic vulnerability record for defensive awareness: Race condition in password reset workflow affecting PageForge CMS. No exploitation instructions included.
CVE-2025-900020,File Transfer Appliance,SwiftShare File Transfer,HIGH,8.7,2026-06-27,False,No known exploitation (synthetic),2,VPN-only,Non-production / test,58,MEDIUM,[SYNTHETIC / DEMO ONLY] Synthetic vulnerability record for defensive awareness: Improper certificate validation in update channel affecting SwiftShare File Transfer. No exploitation instructions included.
CVE-2025-900021,OS Kernel,CoreBase Operating System,MEDIUM,5.6,2025-03-23,True,Proof-of-concept reported (synthetic),4,Internal network,Mission-critical production,68,MEDIUM,[SYNTHETIC / DEMO ONLY] Synthetic vulnerability record for defensive awareness: Improper authentication in session validation affecting CoreBase Operating System. No exploitation instructions included.
CVE-2025-900022,Office Suite,OfficeWorks Suite,MEDIUM,5.2,2025-09-09,False,No known exploitation (synthetic),5,Internal network,Mission-critical production,63,MEDIUM,[SYNTHETIC / DEMO ONLY] Synthetic vulnerability record for defensive awareness: Information disclosure in debug logging mode affecting OfficeWorks Suite. No exploitation instructions included.
CVE-2025-900023,HR Management Software,PeopleOps HRMS,HIGH,7.4,2024-11-11,False,Proof-of-concept reported (synthetic),1,Internal network,Standard internal service,58,MEDIUM,[SYNTHETIC / DEMO ONLY] Synthetic vulnerability record for defensive awareness: SQL injection in administrative search endpoint affecting PeopleOps HRMS. No exploitation instructions included.
CVE-2025-900024,Database Server,DataCore RDBMS,HIGH,8.3,2024-12-24,False,Active exploitation observed (synthetic),3,Internet-facing,Standard internal service,82,HIGH,[SYNTHETIC / DEMO ONLY] Synthetic vulnerability record for defensive awareness: Hard-coded credentials in management interface affecting DataCore RDBMS. No exploitation instructions included.
CVE-2025-900025,Database Server,DataCore RDBMS,CRITICAL,9.6,2026-02-28,True,No known exploitation (synthetic),4,Internal network,Business-important production,73,HIGH,[SYNTHETIC / DEMO ONLY] Synthetic vulnerability record for defensive awareness: Command injection in diagnostic endpoint affecting DataCore RDBMS. No exploitation instructions included.
CVE-2025-900026,Email Gateway,MailGuard Email Gateway,MEDIUM,4.6,2025-04-19,False,No known exploitation (synthetic),5,Internal network,Business-important production,59,MEDIUM,[SYNTHETIC / DEMO ONLY] Synthetic vulnerability record for defensive awareness: Reflected cross-site scripting in error page affecting MailGuard Email Gateway. No exploitation instructions included.
CVE-2025-900027,Backup Software,SafeVault Backup,LOW,3.5,2025-04-19,True,Proof-of-concept reported (synthetic),3,Internet-facing,Business-important production,63,MEDIUM,[SYNTHETIC / DEMO ONLY] Synthetic vulnerability record for defensive awareness: Insecure deserialization of configuration data affecting SafeVault Backup. No exploitation instructions included.
CVE-2025-900028,Database Server,DataCore RDBMS,CRITICAL,9.0,2025-08-31,True,No known exploitation (synthetic),5,VPN-only,Business-important production,76,HIGH,[SYNTHETIC / DEMO ONLY] Synthetic vulnerability record for defensive awareness: Heap-based buffer overflow in image decoder affecting DataCore RDBMS. No exploitation instructions included.
CVE-2025-900029,API Gateway,GateKeep API Gateway,HIGH,7.7,2025-08-15,True,Proof-of-concept reported (synthetic),1,VPN-only,Standard internal service,61,MEDIUM,[SYNTHETIC / DEMO ONLY] Synthetic vulnerability record for defensive awareness: Hard-coded credentials in management interface affecting GateKeep API Gateway. No exploitation instructions included.
CVE-2025-900030,Virtualization Platform,VirtSphere Hypervisor,CRITICAL,9.5,2026-08-06,True,No known exploitation (synthetic),1,Internet-facing,Business-important production,68,MEDIUM,[SYNTHETIC / DEMO ONLY] Synthetic vulnerability record for defensive awareness: Blind SSRF in URL preview feature affecting VirtSphere Hypervisor. No exploitation instructions included.
